matrix_size,time_to_compute
100,0.006763
1000,6.415191
