matrix_size,time_to_compute
100,0.007370
1000,6.380824
